Time,Count,Voltage V1,Voltage V2,Voltage V3,Voltage V4,Voltage V5,Voltage V6,Voltage V7,Voltage V8,Force 1,Force 2,Force 3,Force 4,Force 5,Force 6
358610879.0,7335,-0.000375,-0.000187,0.000375,-0.000375,0.000187,0.000375,0.000187,0.000188,0.0,0.0,0.0,0.0,0.0,0.0
358708592.0,7336,-0.000188,-0.000375,0.000375,-0.000375,0.0,0.000188,0.000187,0.000188,0.0,0.0,0.0,0.0,0.0,0.0
358757430.0,7339,-0.000188,-0.000187,0.000187,-0.000187,0.000187,0.000188,0.000375,0.000188,0.0,0.0,0.0,0.0,0.0,0.0
358904004.0,7340,-0.000188,-0.000187,0.000187,-0.000375,0.0,0.000188,0.0,0.0,0.0,0.0,0.0,0.0,0.0,0.0
358952844.0,7341,0.0,-0.000187,0.000375,-0.000375,0.0,0.000188,0.000375,0.000188,0.0,0.0,0.0,0.0,0.0,0.0
359001691.0,7342,-0.000188,-0.000187,0.000187,-0.000375,0.000187,0.0,0.000187,0.0,0.0,0.0,0.0,0.0,0.0,0.0
359050524.0,7344,-0.000188,-0.000187,0.000187,-0.000375,0.000187,0.000188,0.000375,-0.000188,0.0,0.0,0.0,0.0,0.0,0.0
359148214.0,7345,-0.000188,-0.000187,0.000375,-0.000375,0.000187,0.000375,0.000187,0.0,0.0,0.0,0.0,0.0,0.0,0.0
359197054.0,7347,-0.000188,-0.000375,0.000375,-0.000375,0.000187,0.000188,0.000375,0.0,0.0,0.0,0.0,0.0,0.0,0.0
359294737.0,7348,-0.000188,-0.000375,0.000375,-0.000375,0.0,0.000375,0.000187,0.000188,0.0,0.0,0.0,0.0,0.0,0.0
359343595.0,7350,0.0,-0.000187,0.000375,-0.000187,0.0,0.000188,0.000375,0.0,0.0,0.0,0.0,0.0,0.0,0.0
359441269.0,7351,-0.000188,-0.000375,0.000375,-0.000375,0.0,0.0,0.000375,0.0,0.0,0.0,0.0,0.0,0.0,0.0
359490121.0,7352,-0.000188,-0.000375,0.000375,-0.000375,0.0,0.0,0.000375,0.0,0.0,0.0,0.0,0.0,0.0,0.0
359538991.0,7353,-0.000188,-0.000187,0.000563,-0.000187,0.000187,0.000188,0.000187,0.0,0.0,0.0,0.0,0.0,0.0,0.0
359587843.0,7355,-0.000375,-0.000187,0.000375,-0.000375,0.0,0.000375,0.000187,0.0,0.0,0.0,0.0,0.0,0.0,0.0
359685492.0,7356,-0.000375,-0.0,0.000375,-0.000187,0.0,0.000188,0.000187,0.0,0.0,0.0,0.0,0.0,0.0,0.0
359734344.0,7357,-0.000188,-0.000187,0.000375,-0.000187,0.000187,0.000188,0.000375,0.0,0.0,0.0,0.0,0.0,0.0,0.0
359783186.0,7358,-0.000188,-0.000187,0.000187,-0.000563,0.000187,0.000188,0.000375,-0.000188,0.0,0.0,0.0,0.0,0.0,0.0
359832065.0,7359,-0.000375,-0.000187,0.000375,-0.000375,0.0,0.000188,0.000187,0.0,0.0,0.0,0.0,0.0,0.0,0.0
359832065.0,7360,-0.000375,-0.000187,0.000375,-0.000375,0.0,0.000188,0.000187,0.0,0.0,0.0,0.0,0.0,0.0,0.0
359929734.0,7361,-0.000188,-0.0,0.000563,-0.000375,0.0,0.0,0.000187,-0.000188,0.0,0.0,0.0,0.0,0.0,0.0
359978545.0,7363,0.0,-0.000187,0.000375,-0.000375,0.000187,0.000188,0.000563,0.0,0.0,0.0,0.0,0.0,0.0,0.0
360076206.0,7364,-0.000188,-0.000375,0.000375,-0.000187,0.0,0.000188,0.000187,0.0,0.0,0.0,0.0,0.0,0.0,0.0
360076206.0,7365,-0.000188,-0.000375,0.000375,-0.000187,0.0,0.000188,0.000187,0.0,0.0,0.0,0.0,0.0,0.0,0.0
360173880.0,7366,-0.000375,-0.000187,0.000375,-0.000187,0.0,0.000188,0.000375,0.000188,0.0,0.0,0.0,0.0,0.0,0.0
360222709.0,7368,-0.000375,-0.000187,0.000375,-0.000375,0.0,0.000188,0.000375,0.0,0.0,0.0,0.0,0.0,0.0,0.0
360320429.0,7369,-0.000188,-0.000187,0.000563,-0.000375,0.000187,0.000188,0.000375,0.000188,0.0,0.0,0.0,0.0,0.0,0.0
360320429.0,7370,-0.000188,-0.000187,0.000563,-0.000375,0.000187,0.000188,0.000375,0.000188,0.0,0.0,0.0,0.0,0.0,0.0
360418133.0,7371,-0.000188,-0.000187,0.000187,-0.000375,0.000187,0.000188,0.000375,0.000188,0.0,0.0,0.0,0.0,0.0,0.0
360467008.0,7372,-0.000375,-0.000187,0.000375,-0.000375,0.0,0.0,0.000187,0.0,0.0,0.0,0.0,0.0,0.0,0.0
360467008.0,7376,0.0,-0.000187,0.000563,-0.000375,0.000187,0.000375,0.000187,0.0,0.0,0.0,0.0,0.0,0.0,0.0
360711209.0,7377,-0.000188,-0.000187,0.000375,-0.000375,0.000187,0.000188,0.000375,0.000188,0.0,0.0,0.0,0.0,0.0,0.0
360711209.0,7378,-0.000188,-0.000187,0.000375,-0.000375,0.000187,0.000188,0.000375,0.000188,0.0,0.0,0.0,0.0,0.0,0.0
360808949.0,7379,-0.000375,-0.000187,0.000187,-0.000375,0.000187,0.000188,0.000187,0.0,0.0,0.0,0.0,0.0,0.0,0.0
360857788.0,7380,-0.000375,-0.000187,0.000563,-0.000375,0.000187,0.000188,0.000187,0.000188,0.0,0.0,0.0,0.0,0.0,0.0
360857788.0,7381,-0.000375,-0.000187,0.000563,-0.000375,0.000187,0.000188,0.000187,0.000188,0.0,0.0,0.0,0.0,0.0,0.0
360955460.0,7382,-0.000188,-0.000187,0.000375,-0.000375,0.000187,0.000188,0.000375,0.0,0.0,0.0,0.0,0.0,0.0,0.0
361004324.0,7384,-0.000375,-0.000187,0.000375,-0.000375,0.0,0.000188,0.000187,0.0,0.0,0.0,0.0,0.0,0.0,0.0
361102011.0,7385,-0.000375,-0.000187,0.000187,-0.000375,0.000187,0.000188,0.000187,0.0,0.0,0.0,0.0,0.0,0.0,0.0
361150853.0,7387,-0.000188,-0.000187,0.000187,-0.000375,0.0,0.000375,0.000375,0.0,0.0,0.0,0.0,0.0,0.0,0.0
361248532.0,7388,-0.000375,-0.000187,0.000187,-0.000187,0.000187,0.000188,0.000187,0.0,0.0,0.0,0.0,0.0,0.0,0.0
361297374.0,7390,-0.000188,-0.000187,0.000563,-0.000375,0.0,0.000188,0.000375,0.000188,0.0,0.0,0.0,0.0,0.0,0.0
361395026.0,7391,-0.000375,-0.000187,0.000563,-0.000187,0.0,0.000188,0.000187,0.000188,0.0,0.0,0.0,0.0,0.0,0.0
361443873.0,7392,-0.000375,-0.000187,0.000563,-0.000187,0.0,0.000188,0.000187,0.000188,0.0,0.0,0.0,0.0,0.0,0.0
361492760.0,7393,-0.000188,-0.000375,0.000375,-0.000187,0.0,0.000188,0.000375,-0.000188,0.0,0.0,0.0,0.0,0.0,0.0
361541606.0,7395,-0.000188,-0.000187,0.000563,-0.000375,0.0,0.000188,0.000187,0.0,0.0,0.0,0.0,0.0,0.0,0.0
361639265.0,7396,-0.000188,-0.000375,0.000187,-0.000375,0.000187,0.0,0.000187,0.0,0.0,0.0,0.0,0.0,0.0,0.0
361688104.0,7398,-0.000188,-0.000187,0.000563,-0.000375,0.0,0.000375,0.000187,0.000188,0.0,0.0,0.0,0.0,0.0,0.0
361785751.0,7399,-0.000188,-0.000375,0.000375,-0.000375,-0.000187,0.000188,0.000375,0.000188,0.0,0.0,0.0,0.0,0.0,0.0
361785751.0,7401,-0.000188,-0.000375,0.000375,-0.000375,-0.000187,0.000188,0.000375,0.000188,0.0,0.0,0.0,0.0,0.0,0.0
361932263.0,7402,-0.000188,-0.000187,0.000563,-0.000375,0.0,0.000375,0.000375,0.0,0.0,0.0,0.0,0.0,0.0,0.0
361981110.0,7404,-0.000375,-0.000187,0.000375,-0.000187,0.0,0.000188,0.000187,0.0,0.0,0.0,0.0,0.0,0.0,0.0
362078794.0,7405,-0.000563,-0.000375,0.000563,-0.000187,0.0,0.000188,0.000187,0.0,0.0,0.0,0.0,0.0,0.0,0.0
362127649.0,7407,0.0,-0.000187,0.000375,-0.000375,0.0,0.000375,0.000375,0.0,0.0,0.0,0.0,0.0,0.0,0.0
362225294.0,7408,-0.000188,-0.000375,0.000187,-0.000375,0.0,0.000375,0.000187,0.0,0.0,0.0,0.0,0.0,0.0,0.0
362225294.0,7410,-0.000188,-0.000375,0.000187,-0.000375,0.0,0.000375,0.000187,0.0,0.0,0.0,0.0,0.0,0.0,0.0
362371864.0,7411,-0.000375,-0.000375,0.000375,-0.000375,0.0,0.000375,0.000375,0.0,0.0,0.0,0.0,0.0,0.0,0.0
362420699.0,7414,-0.000375,-0.000187,0.000375,-0.000563,0.0,0.000375,0.000187,0.0,0.0,0.0,0.0,0.0,0.0,0.0
362567244.0,7415,-0.000188,-0.000187,0.000563,-0.000375,0.0,0.000375,0.000375,-0.000188,0.0,0.0,0.0,0.0,0.0,0.0
362567244.0,7417,-0.000188,-0.000187,0.000563,-0.000187,0.0,0.000375,0.000375,0.0,0.0,0.0,0.0,0.0,0.0,0.0
362713758.0,7418,-0.000375,-0.000187,0.000375,-0.000375,-0.000187,0.000375,0.000187,0.000188,0.0,0.0,0.0,0.0,0.0,0.0
362762646.0,7419,-0.000375,-0.000187,0.000375,-0.000375,-0.000187,0.000375,0.000187,0.000188,0.0,0.0,0.0,0.0,0.0,0.0
362811513.0,7420,-0.000375,-0.000187,0.000187,-0.000375,0.000187,0.000188,0.000187,0.000188,0.0,0.0,0.0,0.0,0.0,0.0
362860371.0,7423,-0.000188,-0.000187,0.000375,-0.000563,0.000187,0.000188,0.000375,0.0,0.0,0.0,0.0,0.0,0.0,0.0
363006881.0,7424,-0.000188,-0.000187,0.000375,-0.000187,0.0,0.000188,0.000375,0.0,0.0,0.0,0.0,0.0,0.0,0.0
363055717.0,7426,-0.000188,-0.000187,0.000375,-0.000187,0.0,0.000188,0.000375,0.0,0.0,0.0,0.0,0.0,0.0,0.0
363153391.0,7427,-0.000188,-0.000187,0.000375,-0.000375,0.0,0.000375,0.000375,0.0,0.0,0.0,0.0,0.0,0.0,0.0
363202266.0,7429,-0.000188,-0.000187,0.000375,-0.000375,0.0,0.000375,0.000375,0.0,0.0,0.0,0.0,0.0,0.0,0.0
363299980.0,7430,-0.000188,-0.000375,0.000375,-0.000375,0.0,0.000375,0.000187,0.0,0.0,0.0,0.0,0.0,0.0,0.0
363348820.0,7432,-0.000375,-0.000187,0.000187,-0.000375,-0.000187,0.000188,0.000375,0.000188,0.0,0.0,0.0,0.0,0.0,0.0
363446515.0,7433,-0.000188,-0.000187,0.000375,-0.000375,0.0,0.000375,0.000375,0.0,0.0,0.0,0.0,0.0,0.0,0.0
363446515.0,7434,-0.000188,-0.000187,0.000375,-0.000375,0.0,0.000375,0.000375,0.0,0.0,0.0,0.0,0.0,0.0,0.0
363544183.0,7435,-0.000375,-0.000375,0.000375,-0.000187,0.0,0.000188,0.000375,0.0,0.0,0.0,0.0,0.0,0.0,0.0
363593013.0,7437,-0.000375,-0.000187,0.000375,-0.000187,0.0,0.000375,0.000375,0.0,0.0,0.0,0.0,0.0,0.0,0.0
363690736.0,7438,-0.000375,-0.000375,0.000375,-0.000187,0.0,0.0,0.000375,0.000188,0.0,0.0,0.0,0.0,0.0,0.0
363739573.0,7440,-0.000188,-0.000187,0.000187,-0.000563,0.0,0.000188,0.000187,0.000188,0.0,0.0,0.0,0.0,0.0,0.0
363837249.0,7441,-0.000188,-0.000187,0.000187,-0.000375,0.0,0.0,0.000375,0.000188,0.0,0.0,0.0,0.0,0.0,0.0
363886093.0,7442,-0.000188,-0.000375,0.000375,-0.000375,0.0,0.000375,0.000187,0.0,0.0,0.0,0.0,0.0,0.0,0.0
363934928.0,7443,-0.000375,-0.000187,0.000375,-0.000375,0.0,0.000188,0.000375,0.0,0.0,0.0,0.0,0.0,0.0,0.0
363983773.0,7445,0.0,-0.000187,0.000375,-0.000187,0.0,0.000375,0.000375,0.000188,0.0,0.0,0.0,0.0,0.0,0.0
364081490.0,7446,-0.000188,-0.000187,0.000563,-0.000375,-0.000187,0.000375,0.000375,0.0,0.0,0.0,0.0,0.0,0.0,0.0
364130346.0,7448,-0.000188,-0.000187,0.000375,-0.000375,0.0,0.000188,0.000187,0.0,0.0,0.0,0.0,0.0,0.0,0.0
364228104.0,7449,-0.000375,-0.000375,0.000375,-0.000187,0.000187,0.000188,0.000187,0.0,0.0,0.0,0.0,0.0,0.0,0.0
364276953.0,7451,-0.000188,-0.000187,0.000563,-0.000375,0.000187,0.000188,0.000187,0.000188,0.0,0.0,0.0,0.0,0.0,0.0
364374675.0,7452,-0.000375,-0.0,0.000563,-0.000187,0.000187,0.000188,0.000187,0.0,0.0,0.0,0.0,0.0,0.0,0.0
364374675.0,7453,-0.000375,-0.0,0.000563,-0.000187,0.000187,0.000188,0.000187,0.0,0.0,0.0,0.0,0.0,0.0,0.0
364472391.0,7454,-0.000375,-0.000187,0.000563,-0.000187,0.0,0.000188,0.000375,0.000188,0.0,0.0,0.0,0.0,0.0,0.0
364521242.0,7456,-0.000188,-0.000187,0.000563,-0.000375,0.000187,0.000188,0.000187,0.000188,0.0,0.0,0.0,0.0,0.0,0.0
364618966.0,7457,-0.000188,-0.000375,0.000375,-0.000375,0.000187,0.000188,0.000187,0.000188,0.0,0.0,0.0,0.0,0.0,0.0
364667816.0,7458,-0.000188,-0.000375,0.000375,-0.000375,0.000187,0.000188,0.000187,0.000188,0.0,0.0,0.0,0.0,0.0,0.0
364716680.0,7459,-0.000188,-0.0,0.000563,-0.000375,0.000187,0.000188,0.000375,0.000188,0.0,0.0,0.0,0.0,0.0,0.0
364765522.0,7461,-0.000375,-0.000187,0.000187,-0.000187,0.0,0.0,0.000375,0.000188,0.0,0.0,0.0,0.0,0.0,0.0
364863225.0,7462,-0.000375,-0.000187,0.000375,-0.000375,0.0,0.000188,0.000375,0.0,0.0,0.0,0.0,0.0,0.0,0.0
364912078.0,7463,-0.000188,-0.0,0.000375,-0.000375,0.000187,0.000188,0.000187,0.0,0.0,0.0,0.0,0.0,0.0,0.0
364960930.0,7464,-0.000188,-0.000187,0.000375,-0.000375,0.000187,0.0,0.000375,0.0,0.0,0.0,0.0,0.0,0.0,0.0
365009777.0,7465,-0.000188,-0.000187,0.000375,-0.000375,0.0,0.000188,0.000375,0.0,0.0,0.0,0.0,0.0,0.0,0.0
365009777.0,7466,-0.000188,-0.000187,0.000375,-0.000375,0.0,0.000188,0.000375,0.0,0.0,0.0,0.0,0.0,0.0,0.0
365107482.0,7467,-0.000188,-0.000187,0.000563,-0.000375,0.0,0.000188,0.000187,0.0,0.0,0.0,0.0,0.0,0.0,0.0
365156315.0,7469,-0.000375,-0.000375,0.000375,-0.000563,0.0,0.0,0.000187,0.0,0.0,0.0,0.0,0.0,0.0,0.0
365253950.0,7470,-0.000375,-0.000375,0.000375,-0.000375,0.0,0.000188,0.000375,0.000188,0.0,0.0,0.0,0.0,0.0,0.0
365253950.0,7471,-0.000375,-0.000375,0.000375,-0.000375,0.0,0.000188,0.000375,0.000188,0.0,0.0,0.0,0.0,0.0,0.0
365351630.0,7472,-0.000375,-0.000187,0.000187,-0.000375,0.0,0.0,0.000375,0.0,0.0,0.0,0.0,0.0,0.0,0.0
365400439.0,7474,-0.000375,-0.000187,0.000375,-0.000375,0.0,0.000188,0.000375,-0.000188,0.0,0.0,0.0,0.0,0.0,0.0
365498075.0,7475,-0.000188,-0.0,0.000375,-0.000375,0.0,0.0,0.000187,0.0,0.0,0.0,0.0,0.0,0.0,0.0
365498075.0,7476,-0.000188,-0.0,0.000375,-0.000375,0.0,0.0,0.000187,0.0,0.0,0.0,0.0,0.0,0.0,0.0
365595754.0,7477,-0.000188,-0.000187,0.000375,-0.000375,0.000187,0.000188,0.000375,0.000188,0.0,0.0,0.0,0.0,0.0,0.0
365644599.0,7479,-0.000375,-0.0,0.000375,-0.000375,0.0,0.000375,0.000375,0.000188,0.0,0.0,0.0,0.0,0.0,0.0
365742279.0,7480,-0.000375,-0.000375,0.000375,-0.000375,0.0,0.000188,0.000187,0.0,0.0,0.0,0.0,0.0,0.0,0.0
365791141.0,7481,-0.000188,-0.000375,0.000563,-0.000375,0.0,0.000188,0.000187,0.0,0.0,0.0,0.0,0.0,0.0,0.0
365839989.0,7482,-0.000188,-0.000375,0.000187,-0.000375,0.0,0.000375,0.0,-0.000188,0.0,0.0,0.0,0.0,0.0,0.0
365888838.0,7484,-0.000375,-0.0,0.000375,-0.000375,0.0,0.000188,0.000187,0.0,0.0,0.0,0.0,0.0,0.0,0.0
365986566.0,7485,-0.000375,-0.000187,0.000375,-0.000375,0.0,0.000188,0.000375,0.000188,0.0,0.0,0.0,0.0,0.0,0.0
366035440.0,7487,-0.000375,-0.000187,0.000375,-0.000375,0.0,0.000375,0.000375,0.000188,0.0,0.0,0.0,0.0,0.0,0.0
366133166.0,7488,-0.000375,-0.0,0.000187,-0.000375,0.0,0.000188,0.000375,0.000188,0.0,0.0,0.0,0.0,0.0,0.0
366182025.0,7490,-0.000375,-0.000375,0.000375,-0.000375,0.000187,0.000375,0.000187,0.000188,0.0,0.0,0.0,0.0,0.0,0.0
366279757.0,7491,-0.000375,-0.000187,0.000563,-0.000563,0.0,0.000188,0.000375,0.000188,0.0,0.0,0.0,0.0,0.0,0.0
366279757.0,7492,-0.000375,-0.000187,0.000563,-0.000563,0.0,0.000188,0.000375,0.000188,0.0,0.0,0.0,0.0,0.0,0.0
366377438.0,7493,-0.000188,-0.000187,0.000375,-0.000375,0.000187,0.000188,0.000375,0.000188,0.0,0.0,0.0,0.0,0.0,0.0
366426297.0,7495,-0.000188,-0.000187,0.000375,-0.000375,-0.000187,0.000375,0.000375,-0.000188,0.0,0.0,0.0,0.0,0.0,0.0
366523948.0,7496,-0.000188,-0.000187,0.000563,-0.000375,0.0,0.000375,0.000187,0.0,0.0,0.0,0.0,0.0,0.0,0.0
366572794.0,7497,-0.000188,-0.000187,0.000563,-0.000375,0.0,0.000375,0.000187,0.0,0.0,0.0,0.0,0.0,0.0,0.0
366621644.0,7498,-0.000375,-0.000375,0.000375,-0.000375,0.0,0.000188,0.000187,0.0,0.0,0.0,0.0,0.0,0.0,0.0
366670475.0,7500,-0.000188,-0.000187,0.000187,-0.000187,0.0,0.000188,0.000375,0.000188,0.0,0.0,0.0,0.0,0.0,0.0
366768178.0,7501,-0.000188,-0.0,0.000563,-0.000187,0.0,0.0,0.000187,0.000188,0.0,0.0,0.0,0.0,0.0,0.0
366817003.0,7502,-0.000188,-0.0,0.000563,-0.000187,0.0,0.0,0.000187,0.000188,0.0,0.0,0.0,0.0,0.0,0.0
366865815.0,7503,-0.000188,-0.000187,0.000563,-0.000375,0.0,0.000188,0.000187,0.000188,0.0,0.0,0.0,0.0,0.0,0.0
366914689.0,7505,-0.000188,-0.000187,0.000375,-0.000187,0.000187,0.000188,0.000375,0.000188,0.0,0.0,0.0,0.0,0.0,0.0
367012406.0,7506,-0.000188,-0.000187,0.000187,-0.000375,0.0,0.000188,0.000187,0.0,0.0,0.0,0.0,0.0,0.0,0.0
367061219.0,7507,-0.000188,-0.000375,0.000375,-0.000187,0.000187,0.000188,0.0,0.0,0.0,0.0,0.0,0.0,0.0,0.0
367110081.0,7508,-0.000375,-0.000187,0.000375,-0.000375,0.000187,0.000188,0.000187,0.0,0.0,0.0,0.0,0.0,0.0,0.0
367158928.0,7510,-0.000188,-0.000375,0.000375,-0.000375,0.000187,0.000375,0.000375,0.0,0.0,0.0,0.0,0.0,0.0,0.0
367256674.0,7511,-0.000188,-0.000187,0.000375,-0.000375,0.0,0.000375,0.000187,0.000188,0.0,0.0,0.0,0.0,0.0,0.0
367305521.0,7514,-0.000375,-0.000375,0.000563,-0.000375,0.000187,0.000375,0.000187,0.000188,0.0,0.0,0.0,0.0,0.0,0.0
367452113.0,7515,-0.000375,-0.000375,0.000187,-0.000563,-0.000187,0.000188,0.000187,0.0,0.0,0.0,0.0,0.0,0.0,0.0
367452113.0,7518,-0.000375,-0.000375,0.000375,-0.000375,0.000187,0.000375,0.000187,0.0,0.0,0.0,0.0,0.0,0.0,0.0
367647443.0,7519,-0.000375,-0.000187,0.000375,-0.000187,0.0,0.000188,0.000563,0.000188,0.0,0.0,0.0,0.0,0.0,0.0
367696302.0,7522,-0.000375,-0.000187,0.000375,-0.000187,0.0,0.000188,0.000563,0.000188,0.0,0.0,0.0,0.0,0.0,0.0
367842892.0,7523,0.000563,0.000563,0.0,-0.001687,0.000187,0.000563,0.000375,0.000188,0.0,0.0,0.0,0.0,0.0,0.0
367891760.0,7524,0.000375,0.002812,-0.00075,-0.003562,0.0,0.000375,0.000563,0.000188,0.0,0.0,0.0,0.0,0.0,0.0
367891760.0,7527,0.005063,-0.000187,-0.000563,-0.005625,0.000375,0.000563,0.000563,0.000562,0.0,0.0,0.0,0.0,0.0,0.0
368087266.0,7528,0.008813,-0.001875,-0.0015,-0.007125,0.00075,0.00075,0.00075,0.001125,0.0,0.0,0.0,0.0,0.0,0.0
368087266.0,7532,0.013312,0.00975,-0.006563,-0.019312,0.001688,0.002438,0.001875,0.002438,0.0,0.0,0.0,0.0,0.0,0.0
368332233.0,7533,0.014813,0.009562,-0.006188,-0.021188,0.00225,0.003,0.002438,0.002813,0.0,0.0,0.0,0.0,0.0,0.0
368381149.0,7537,0.020438,0.011063,-0.007312,-0.028312,0.003188,0.004313,0.003375,0.00375,0.0,0.0,0.0,0.0,0.0,0.0
368576750.0,7538,0.020063,0.012938,-0.006,-0.030375,0.002625,0.003937,0.003375,0.003938,0.0,0.0,0.0,0.0,0.0,0.0
368576750.0,7541,0.020063,0.012938,-0.006,-0.030375,0.002625,0.003937,0.003375,0.003938,0.0,0.0,0.0,0.0,0.0,0.0
368772405.0,7542,0.024938,0.007312,-0.007125,-0.028688,0.004125,0.004875,0.0045,0.0045,0.0,0.0,0.0,0.0,0.0,0.0
368821330.0,7545,0.024938,0.007312,-0.007125,-0.028688,0.004125,0.004875,0.0045,0.0045,0.0,0.0,0.0,0.0,0.0,0.0
368821330.0,7546,0.03,0.000375,-0.010125,-0.024375,0.005438,0.006188,0.005438,0.005813,0.0,0.0,0.0,0.0,0.0,0.0
369016927.0,7547,0.028313,0.000187,-0.008625,-0.022313,0.004875,0.005063,0.0045,0.0045,0.0,0.0,0.0,0.0,0.0,0.0
369065826.0,7550,0.0015,0.008625,-0.00075,-0.009375,0.000187,0.00075,0.00075,0.000375,0.0,0.0,0.0,0.0,0.0,0.0
369212516.0,7551,-0.001875,0.00525,0.0015,-0.003937,-0.000187,0.000375,0.000563,0.000188,0.0,0.0,0.0,0.0,0.0,0.0
369212516.0,7554,-0.000188,-0.000375,0.000375,-0.000375,0.0,0.000188,0.000375,0.000188,0.0,0.0,0.0,0.0,0.0,0.0
369407979.0,7555,-0.000563,0.000375,0.000563,-0.000563,-0.000375,0.000188,0.0,-0.000188,0.0,0.0,0.0,0.0,0.0,0.0
369603418.0,7559,-0.000937,-0.005812,-0.00075,0.008438,0.001313,0.000563,0.000563,0.00075,0.0,0.0,0.0,0.0,0.0,0.0
369652332.0,7560,0.0,-0.007875,-0.002813,0.011063,0.002062,0.001125,0.00075,0.001125,0.0,0.0,0.0,0.0,0.0,0.0
369652332.0,7562,-0.002625,-0.006188,-0.00225,0.011625,0.002625,0.0015,0.001125,0.0015,0.0,0.0,0.0,0.0,0.0,0.0
369799023.0,7563,-0.005438,-0.002813,-0.000938,0.009563,0.001875,0.001125,0.000938,0.000937,0.0,0.0,0.0,0.0,0.0,0.0
369847910.0,7566,-0.005438,-0.002813,-0.000938,0.009563,0.001875,0.001125,0.000938,0.000937,0.0,0.0,0.0,0.0,0.0,0.0
369994579.0,7567,-0.008812,-0.0,-0.000563,0.010313,0.001688,0.001125,0.000938,0.001125,0.0,0.0,0.0,0.0,0.0,0.0
370043455.0,7570,-0.00825,-0.001688,-0.000938,0.011813,0.00225,0.001312,0.000938,0.000937,0.0,0.0,0.0,0.0,0.0,0.0
370190165.0,7571,-0.009937,-0.000375,-0.000563,0.012,0.002437,0.001875,0.001312,0.001312,0.0,0.0,0.0,0.0,0.0,0.0
370239094.0,7572,-0.0105,-0.000187,0.0,0.011625,0.002625,0.001875,0.0015,0.001688,0.0,0.0,0.0,0.0,0.0,0.0
370239094.0,7574,-0.010688,0.000375,0.0,0.011063,0.002812,0.002063,0.001688,0.001688,0.0,0.0,0.0,0.0,0.0,0.0
370385742.0,7575,-0.009937,-0.0,-0.000187,0.011063,0.003,0.002438,0.00225,0.002062,0.0,0.0,0.0,0.0,0.0,0.0
370434609.0,7578,-0.009937,-0.0,-0.000187,0.011063,0.003,0.002438,0.00225,0.002062,0.0,0.0,0.0,0.0,0.0,0.0
370581322.0,7579,-0.009375,-0.001125,0.0,0.01125,0.004125,0.003563,0.003,0.002813,0.0,0.0,0.0,0.0,0.0,0.0
370630201.0,7582,0.004313,-0.0105,-0.002813,0.007875,0.00225,0.001125,0.000563,0.00075,0.0,0.0,0.0,0.0,0.0,0.0
370776882.0,7583,0.001313,-0.002438,-0.000187,0.00075,-0.000375,-0.000375,-0.000375,-0.000188,0.0,0.0,0.0,0.0,0.0,0.0
370825774.0,7586,0.001313,-0.002438,-0.000187,0.00075,-0.000375,-0.000375,-0.000375,-0.000188,0.0,0.0,0.0,0.0,0.0,0.0
370972330.0,7587,-0.000188,-0.000375,0.000563,-0.000563,0.0,0.000188,0.000187,-0.000188,0.0,0.0,0.0,0.0,0.0,0.0
371021189.0,7588,-0.000188,-0.000187,0.000375,-0.000375,0.0,0.000188,0.000375,0.000188,0.0,0.0,0.0,0.0,0.0,0.0
371021189.0,7591,-0.000188,-0.000375,0.000375,-0.000375,0.0,0.000188,0.000375,0.0,0.0,0.0,0.0,0.0,0.0,0.0
371216565.0,7592,-0.000375,-0.000187,0.000375,-0.000375,0.0,0.000375,0.000187,0.0,0.0,0.0,0.0,0.0,0.0,0.0
371265427.0,7593,-0.000188,-0.000187,0.000375,-0.000375,0.0,0.000188,0.000187,0.0,0.0,0.0,0.0,0.0,0.0,0.0
371314246.0,7596,-0.000188,-0.000187,0.000375,-0.000187,0.0,0.000188,0.000375,0.0,0.0,0.0,0.0,0.0,0.0,0.0
371460819.0,7597,0.0,-0.000375,0.00075,-0.00075,0.000187,0.000375,0.000563,0.000188,0.0,0.0,0.0,0.0,0.0,0.0
371509682.0,7598,0.00075,-0.000563,0.000375,-0.000938,0.000187,0.000375,0.000375,0.0,0.0,0.0,0.0,0.0,0.0,0.0
371509682.0,7601,0.006,-0.0,-0.000187,-0.007125,-0.000187,0.0,0.0,0.0,0.0,0.0,0.0,0.0,0.0,0.0
371705225.0,7602,0.007875,0.0015,-0.000563,-0.011062,-0.001125,-0.000188,-0.000187,-0.000562,0.0,0.0,0.0,0.0,0.0,0.0
371754169.0,7605,0.014625,0.00075,-0.001312,-0.016875,-0.001875,-0.00075,-0.00075,-0.000937,0.0,0.0,0.0,0.0,0.0,0.0
371901142.0,7606,0.015188,0.003375,-0.000563,-0.021,-0.00225,-0.00075,-0.00075,-0.001125,0.0,0.0,0.0,0.0,0.0,0.0
371950045.0,7609,0.021188,-0.000187,-0.001125,-0.0225,-0.002062,-0.000563,-0.000375,-0.000562,0.0,0.0,0.0,0.0,0.0,0.0
372096753.0,7610,0.021375,0.000187,-0.000938,-0.023813,-0.002062,-0.000563,-0.000187,-0.000562,0.0,0.0,0.0,0.0,0.0,0.0
372243464.0,7613,0.023813,-0.000563,-0.001875,-0.0255,-0.002625,-0.000938,-0.00075,-0.001125,0.0,0.0,0.0,0.0,0.0,0.0
372292384.0,7614,0.024938,-0.001312,-0.000938,-0.0255,-0.002437,-0.000938,-0.00075,-0.000937,0.0,0.0,0.0,0.0,0.0,0.0
372292384.0,7617,0.024938,-0.001312,-0.000938,-0.0255,-0.002437,-0.000938,-0.00075,-0.000937,0.0,0.0,0.0,0.0,0.0,0.0
372488025.0,7618,0.027188,-0.001688,-0.003,-0.026063,-0.002437,-0.00075,-0.000937,-0.00075,0.0,0.0,0.0,0.0,0.0,0.0
372536910.0,7619,0.0285,-0.003563,-0.002625,-0.025875,-0.002062,-0.000375,-0.000375,-0.000375,0.0,0.0,0.0,0.0,0.0,0.0
372536910.0,7622,0.0285,-0.00225,-0.001125,-0.028875,-0.002062,-0.000563,-0.000375,-0.000562,0.0,0.0,0.0,0.0,0.0,0.0
372732554.0,7623,0.029438,-0.001312,-0.00225,-0.03,-0.002813,-0.00075,-0.000563,-0.00075,0.0,0.0,0.0,0.0,0.0,0.0
372781479.0,7626,0.026813,-0.003,-0.001688,-0.023813,-0.000938,0.000563,0.00075,0.000375,0.0,0.0,0.0,0.0,0.0,0.0
372928180.0,7627,0.019875,-0.005438,-0.000938,-0.0135,0.0,0.00075,0.000938,0.000375,0.0,0.0,0.0,0.0,0.0,0.0
372928180.0,7630,0.019875,-0.005438,-0.000938,-0.0135,0.0,0.00075,0.000938,0.000375,0.0,0.0,0.0,0.0,0.0,0.0
373123664.0,7631,-0.000188,-0.000187,0.000187,0.0,0.000187,0.000188,0.000187,0.000188,0.0,0.0,0.0,0.0,0.0,0.0
373172525.0,7632,-0.000188,-0.000375,0.000563,-0.000375,0.0,0.000188,0.000187,0.0,0.0,0.0,0.0,0.0,0.0,0.0
373221382.0,7635,-0.000375,-0.000187,0.000563,-0.000375,0.0,0.000188,0.000375,0.000188,0.0,0.0,0.0,0.0,0.0,0.0
373367963.0,7636,-0.000188,-0.000187,0.000375,-0.000375,0.0,0.000375,0.000187,0.000188,0.0,0.0,0.0,0.0,0.0,0.0
373416794.0,7640,0.000375,-0.001312,0.000375,0.000375,0.000375,0.0,0.000375,0.0,0.0,0.0,0.0,0.0,0.0,0.0
373612236.0,7641,0.000188,-0.000938,0.0,0.000188,0.0,0.0,-0.000187,0.0,0.0,0.0,0.0,0.0,0.0,0.0
373661077.0,7644,-0.001312,0.001875,-0.000375,-0.00075,0.000187,0.000188,0.000187,0.000375,0.0,0.0,0.0,0.0,0.0,0.0
373807579.0,7645,-0.001688,0.0015,-0.000375,0.000563,0.000563,0.000375,0.000187,0.000375,0.0,0.0,0.0,0.0,0.0,0.0
373856476.0,7649,-0.003375,-0.001875,-0.001688,0.0075,0.0015,0.00075,0.000563,0.000937,0.0,0.0,0.0,0.0,0.0,0.0
374052063.0,7650,-0.003375,-0.002813,-0.001875,0.008813,0.002062,0.001312,0.00075,0.000937,0.0,0.0,0.0,0.0,0.0,0.0
374100977.0,7653,-0.005062,-0.00225,-0.002813,0.0105,0.002062,0.001125,0.00075,0.001125,0.0,0.0,0.0,0.0,0.0,0.0
374247693.0,7654,-0.005438,-0.002625,-0.003,0.012375,0.003563,0.00225,0.001875,0.00225,0.0,0.0,0.0,0.0,0.0,0.0
374296566.0,7657,-0.005812,-0.003563,-0.002625,0.013313,0.003375,0.00225,0.0015,0.001875,0.0,0.0,0.0,0.0,0.0,0.0
374443289.0,7658,-0.00525,-0.004125,-0.003375,0.0135,0.003188,0.001875,0.0015,0.001875,0.0,0.0,0.0,0.0,0.0,0.0
374492185.0,7661,-0.00525,-0.004125,-0.003375,0.0135,0.003188,0.001875,0.0015,0.001875,0.0,0.0,0.0,0.0,0.0,0.0
374638903.0,7662,-0.004875,-0.006,-0.002813,0.015188,0.003375,0.001875,0.0015,0.002062,0.0,0.0,0.0,0.0,0.0,0.0
374687779.0,7665,-0.004875,-0.006,-0.002813,0.015188,0.003375,0.001875,0.0015,0.002062,0.0,0.0,0.0,0.0,0.0,0.0
374834487.0,7666,-0.005812,-0.003375,-0.00375,0.013875,0.003375,0.002063,0.001688,0.002062,0.0,0.0,0.0,0.0,0.0,0.0
374883376.0,7667,-0.005812,-0.004875,-0.003562,0.015188,0.004312,0.002625,0.00225,0.002438,0.0,0.0,0.0,0.0,0.0,0.0
374883376.0,7670,-0.00525,-0.004875,-0.003375,0.014438,0.00375,0.002438,0.002062,0.00225,0.0,0.0,0.0,0.0,0.0,0.0
375078986.0,7671,-0.004875,-0.004125,-0.002438,0.011438,0.002625,0.001875,0.0015,0.001312,0.0,0.0,0.0,0.0,0.0,0.0
375127896.0,7674,-0.004875,-0.004125,-0.002438,0.011438,0.002625,0.001875,0.0015,0.001312,0.0,0.0,0.0,0.0,0.0,0.0
375274568.0,7675,-0.000375,-0.000375,0.000375,-0.000375,0.000187,0.000375,0.000375,0.000188,0.0,0.0,0.0,0.0,0.0,0.0
375323463.0,7676,-0.000375,-0.000187,0.000375,-0.000375,0.000187,0.000375,0.000375,0.000188,0.0,0.0,0.0,0.0,0.0,0.0
375323463.0,7678,-0.000375,-0.000187,0.000375,-0.000375,0.000187,0.000375,0.000375,0.000188,0.0,0.0,0.0,0.0,0.0,0.0
375470080.0,7679,0.0,-0.000187,0.000187,-0.000375,0.0,0.000375,0.000375,0.000188,0.0,0.0,0.0,0.0,0.0,0.0
375518917.0,7680,-0.000188,-0.000187,0.000375,-0.000187,0.000187,0.000375,0.000187,0.0,0.0,0.0,0.0,0.0,0.0,0.0
375518917.0,7683,-0.000375,-0.000187,0.000375,-0.000375,0.0,0.000188,0.000187,0.0,0.0,0.0,0.0,0.0,0.0,0.0
375714267.0,7684,-0.000188,-0.000187,0.000375,-0.000375,0.000187,0.000188,0.000187,0.0,0.0,0.0,0.0,0.0,0.0,0.0
375714267.0,7687,0.000188,-0.000375,0.000187,-0.000187,0.0,0.000188,0.000187,-0.000188,0.0,0.0,0.0,0.0,0.0,0.0
375909697.0,7688,0.000563,-0.0,0.000563,-0.001875,0.0,0.000188,0.000375,0.0,0.0,0.0,0.0,0.0,0.0,0.0
375958508.0,7692,0.008813,0.000563,0.00075,-0.012375,-0.00075,0.0,0.0,-0.000188,0.0,0.0,0.0,0.0,0.0,0.0
376154075.0,7693,0.01125,0.0015,0.000187,-0.015563,-0.001312,-0.000188,-0.000187,-0.000375,0.0,0.0,0.0,0.0,0.0,0.0
376154075.0,7695,0.01125,0.0015,0.000187,-0.015563,-0.001312,-0.000188,-0.000187,-0.000375,0.0,0.0,0.0,0.0,0.0,0.0
376300846.0,7696,0.014813,0.003187,0.001875,-0.022688,-0.002062,-0.000375,-0.000187,-0.000562,0.0,0.0,0.0,0.0,0.0,0.0
376349749.0,7697,0.015563,0.004313,0.001875,-0.02475,-0.002062,-0.000563,-0.000187,-0.000562,0.0,0.0,0.0,0.0,0.0,0.0
376349749.0,7699,0.015563,0.004313,0.001875,-0.02475,-0.002062,-0.000563,-0.000187,-0.000562,0.0,0.0,0.0,0.0,0.0,0.0
376496458.0,7700,0.017063,0.004313,0.001875,-0.025875,-0.00225,-0.000375,-0.000187,-0.000188,0.0,0.0,0.0,0.0,0.0,0.0
376545346.0,7701,0.01725,0.0045,0.001875,-0.026812,-0.00225,-0.000375,-0.000187,-0.000562,0.0,0.0,0.0,0.0,0.0,0.0
376545346.0,7702,0.01725,0.0045,0.001875,-0.026812,-0.00225,-0.000375,-0.000187,-0.000562,0.0,0.0,0.0,0.0,0.0,0.0
376643146.0,7703,0.018,0.004687,0.002062,-0.02775,-0.00225,-0.000563,0.0,-0.000562,0.0,0.0,0.0,0.0,0.0,0.0
376692056.0,7704,0.017438,0.00525,0.002625,-0.02775,-0.002062,-0.000375,-0.000187,-0.000375,0.0,0.0,0.0,0.0,0.0,0.0
376692056.0,7707,0.017438,0.00525,0.002625,-0.02775,-0.002062,-0.000375,-0.000187,-0.000375,0.0,0.0,0.0,0.0,0.0,0.0
376887655.0,7708,0.016313,0.0045,0.002062,-0.0255,-0.002062,-0.000375,-0.000187,-0.000375,0.0,0.0,0.0,0.0,0.0,0.0
376936558.0,7709,0.016313,0.005438,0.002062,-0.026625,-0.00225,-0.000375,-0.000187,-0.000562,0.0,0.0,0.0,0.0,0.0,0.0
376936558.0,7711,0.0165,0.0045,0.002062,-0.0255,-0.001875,-0.000188,-0.000187,-0.000375,0.0,0.0,0.0,0.0,0.0,0.0
377083311.0,7712,0.0165,0.004313,0.001688,-0.0255,-0.001875,-0.000375,-0.000187,-0.000375,0.0,0.0,0.0,0.0,0.0,0.0
377083311.0,7716,0.0165,0.004313,0.001688,-0.0255,-0.001875,-0.000375,-0.000187,-0.000375,0.0,0.0,0.0,0.0,0.0,0.0
377327853.0,7717,0.016313,0.004687,0.000937,-0.02475,-0.002062,-0.000375,-0.000187,-0.000375,0.0,0.0,0.0,0.0,0.0,0.0
377376752.0,7718,0.0165,0.0045,0.001312,-0.024938,-0.002062,-0.000375,-0.000187,-0.000188,0.0,0.0,0.0,0.0,0.0,0.0
377376752.0,7725,0.0165,0.0045,0.001312,-0.024938,-0.002062,-0.000375,-0.000187,-0.000188,0.0,0.0,0.0,0.0,0.0,0.0
377767984.0,7726,0.01575,0.003563,0.0015,-0.022875,-0.001688,-0.000188,-0.000187,-0.000375,0.0,0.0,0.0,0.0,0.0,0.0
377816888.0,7737,0.000375,-0.000938,0.0,0.000375,0.000187,0.0,-0.000187,0.0,0.0,0.0,0.0,0.0,0.0,0.0
378354302.0,7738,0.00075,-0.001688,-0.000187,0.001312,-0.000187,-0.000375,-0.000375,-0.000188,0.0,0.0,0.0,0.0,0.0,0.0
378403216.0,7739,0.00075,-0.001688,-0.000187,0.001312,-0.000187,-0.000375,-0.000375,-0.000188,0.0,0.0,0.0,0.0,0.0,0.0
378452126.0,7740,0.00075,-0.00075,0.0,-0.000187,-0.000563,-0.00075,-0.000563,-0.000562,0.0,0.0,0.0,0.0,0.0,0.0
378501032.0,7741,0.0,0.000375,0.000375,-0.000938,-0.001125,-0.001312,-0.001312,-0.000937,0.0,0.0,0.0,0.0,0.0,0.0
378501032.0,7751,0.0,0.000375,0.000375,-0.000938,-0.001125,-0.001312,-0.001312,-0.000937,0.0,0.0,0.0,0.0,0.0,0.0
379038873.0,7752,-0.005812,-0.002438,-0.003938,0.01275,0.003188,0.00225,0.001875,0.00225,0.0,0.0,0.0,0.0,0.0,0.0
379087758.0,7763,-0.006,-0.003187,-0.0045,0.013875,0.003563,0.002625,0.001875,0.002062,0.0,0.0,0.0,0.0,0.0,0.0
379625587.0,7764,-0.006187,-0.002625,-0.004313,0.013313,0.003375,0.002438,0.002062,0.002062,0.0,0.0,0.0,0.0,0.0,0.0
379674478.0,7772,-0.000563,-0.00525,-0.001312,0.006938,0.00225,0.001687,0.001312,0.001312,0.0,0.0,0.0,0.0,0.0,0.0
380065654.0,7773,0.00075,-0.004313,-0.001312,0.004688,0.001313,0.00075,0.00075,0.00075,0.0,0.0,0.0,0.0,0.0,0.0
380114546.0,7775,0.001125,-0.003563,-0.000187,0.00225,0.000563,0.000375,0.000375,0.000188,0.0,0.0,0.0,0.0,0.0,0.0
380212329.0,7776,0.000563,-0.001312,0.0,0.000563,0.000187,0.000188,0.000375,0.0,0.0,0.0,0.0,0.0,0.0,0.0
380261199.0,7780,-0.000188,-0.000187,0.000375,-0.000375,0.000187,0.000375,0.000187,0.0,0.0,0.0,0.0,0.0,0.0,0.0
380456665.0,7781,-0.000375,-0.000375,0.000375,-0.000375,0.000187,0.000375,0.000187,0.000188,0.0,0.0,0.0,0.0,0.0,0.0
380505524.0,7788,-0.000375,-0.000375,0.000375,-0.000375,0.000187,0.000375,0.000187,0.000188,0.0,0.0,0.0,0.0,0.0,0.0
380847465.0,7789,-0.000188,-0.000187,0.000563,-0.000375,0.0,0.000375,0.000187,0.000188,0.0,0.0,0.0,0.0,0.0,0.0
380896313.0,7803,0.009562,0.00075,0.0015,-0.013125,-0.000938,0.0,0.000375,-0.000188,0.0,0.0,0.0,0.0,0.0,0.0
381580314.0,7804,0.010125,0.000937,0.001688,-0.014438,-0.001125,-0.000188,0.000187,-0.000188,0.0,0.0,0.0,0.0,0.0,0.0
381629376.0,7815,0.010125,0.000937,0.001688,-0.014438,-0.001125,-0.000188,0.000187,-0.000188,0.0,0.0,0.0,0.0,0.0,0.0
382167193.0,7816,0.013312,0.002062,0.001688,-0.019125,-0.001312,-0.000188,0.000187,-0.000188,0.0,0.0,0.0,0.0,0.0,0.0
382216087.0,7817,0.013312,0.002062,0.001875,-0.019312,-0.0015,-0.000188,0.000187,-0.000188,0.0,0.0,0.0,0.0,0.0,0.0
382216087.0,7819,0.013312,0.002062,0.001875,-0.019312,-0.0015,-0.000188,0.000187,-0.000188,0.0,0.0,0.0,0.0,0.0,0.0
382362793.0,7820,0.013875,0.00225,0.001875,-0.020063,-0.001688,-0.000188,0.000187,-0.000375,0.0,0.0,0.0,0.0,0.0,0.0
382411681.0,7821,0.013875,0.00225,0.001875,-0.020063,-0.001688,-0.000188,0.000187,-0.000375,0.0,0.0,0.0,0.0,0.0,0.0
382460572.0,7822,0.015563,0.001875,0.0015,-0.021,-0.001875,-0.000375,0.0,-0.000562,0.0,0.0,0.0,0.0,0.0,0.0
382509417.0,7824,0.015563,0.002812,0.001688,-0.022688,-0.002062,-0.000375,-0.000187,-0.000375,0.0,0.0,0.0,0.0,0.0,0.0
382607193.0,7825,0.015937,0.003,0.002438,-0.023437,-0.002062,-0.000375,0.0,-0.000562,0.0,0.0,0.0,0.0,0.0,0.0
382656074.0,7826,0.016125,0.003187,0.002438,-0.024187,-0.002062,-0.000375,0.000187,-0.000562,0.0,0.0,0.0,0.0,0.0,0.0
382704957.0,7827,0.016313,0.002438,0.002625,-0.023625,-0.002062,-0.000375,0.000187,-0.000562,0.0,0.0,0.0,0.0,0.0,0.0
382753880.0,7828,0.016688,0.003187,0.001875,-0.024375,-0.002062,-0.000375,0.0,-0.000375,0.0,0.0,0.0,0.0,0.0,0.0
382753880.0,7829,0.016688,0.003187,0.001875,-0.024375,-0.002062,-0.000375,0.0,-0.000375,0.0,0.0,0.0,0.0,0.0,0.0
382851648.0,7830,0.016875,0.003187,0.002438,-0.024562,-0.00225,-0.000375,0.0,-0.000375,0.0,0.0,0.0,0.0,0.0,0.0
382900531.0,7832,0.017063,0.003563,0.003187,-0.025875,-0.00225,-0.000563,-0.000187,-0.000562,0.0,0.0,0.0,0.0,0.0,0.0
382998301.0,7833,0.017625,0.002062,0.001875,-0.024187,-0.00225,-0.000563,-0.000187,-0.00075,0.0,0.0,0.0,0.0,0.0,0.0
382998301.0,7834,0.017625,0.002062,0.001875,-0.024187,-0.00225,-0.000563,-0.000187,-0.00075,0.0,0.0,0.0,0.0,0.0,0.0
383096101.0,7835,0.01875,0.002062,0.000937,-0.024938,-0.00225,-0.000563,-0.000187,-0.000562,0.0,0.0,0.0,0.0,0.0,0.0
383144996.0,7837,0.01425,0.0015,0.001875,-0.018,-0.0015,-0.000188,0.0,-0.000188,0.0,0.0,0.0,0.0,0.0,0.0
383242746.0,7838,0.008625,0.000187,0.000937,-0.008813,-0.000563,-0.000188,0.0,-0.000188,0.0,0.0,0.0,0.0,0.0,0.0
383291589.0,7839,0.008625,0.000187,0.000937,-0.008813,-0.000563,-0.000188,0.0,-0.000188,0.0,0.0,0.0,0.0,0.0,0.0
383340454.0,7840,0.000563,-0.000187,0.00075,-0.00075,0.000187,0.000188,0.000375,0.000188,0.0,0.0,0.0,0.0,0.0,0.0
383389302.0,7842,-0.000375,-0.000375,0.000375,-0.000187,0.0,0.000375,0.000375,0.0,0.0,0.0,0.0,0.0,0.0,0.0
383487240.0,7843,-0.00075,0.001312,0.001312,-0.001875,-0.000187,0.000188,0.000187,0.0,0.0,0.0,0.0,0.0,0.0,0.0
383536110.0,7844,-0.00075,0.001312,0.001312,-0.001875,-0.000187,0.000188,0.000187,0.0,0.0,0.0,0.0,0.0,0.0,0.0
383584964.0,7845,0.000188,-0.000563,0.0,0.0,-0.000187,0.000375,0.000187,0.000188,0.0,0.0,0.0,0.0,0.0,0.0
383633785.0,7847,0.0,-0.000187,0.000375,-0.000375,0.000187,0.000188,0.000187,0.0,0.0,0.0,0.0,0.0,0.0,0.0
383731516.0,7848,0.0,-0.000563,0.000375,0.000188,0.000375,0.000188,0.000187,0.000375,0.0,0.0,0.0,0.0,0.0,0.0
383780381.0,7850,0.000188,-0.001312,0.000375,0.00075,0.000563,0.000375,0.000375,0.000375,0.0,0.0,0.0,0.0,0.0,0.0
383878154.0,7851,-0.00075,-0.001125,0.0,0.002063,0.000937,0.000375,0.000375,0.000562,0.0,0.0,0.0,0.0,0.0,0.0
383927029.0,7852,-0.001312,-0.00075,-0.001125,0.003187,0.0015,0.001125,0.001125,0.000937,0.0,0.0,0.0,0.0,0.0,0.0
383975912.0,7853,-0.001312,-0.0015,-0.002062,0.004875,0.001875,0.001687,0.001312,0.001125,0.0,0.0,0.0,0.0,0.0,0.0
384024816.0,7855,-0.001688,-0.001688,-0.003187,0.007312,0.00225,0.001875,0.001312,0.001688,0.0,0.0,0.0,0.0,0.0,0.0
384122617.0,7856,-0.000188,-0.005438,-0.00525,0.01125,0.002625,0.001687,0.001125,0.0015,0.0,0.0,0.0,0.0,0.0,0.0
384171513.0,7857,-0.000563,-0.005812,-0.005437,0.012188,0.003,0.001875,0.0015,0.001875,0.0,0.0,0.0,0.0,0.0,0.0
384220432.0,7858,-0.002062,-0.003563,-0.005437,0.011625,0.002625,0.0015,0.000938,0.001312,0.0,0.0,0.0,0.0,0.0,0.0
384269314.0,7859,-0.002625,-0.003,-0.005437,0.011063,0.00225,0.001312,0.000938,0.001125,0.0,0.0,0.0,0.0,0.0,0.0
384269314.0,7860,-0.002625,-0.003,-0.005437,0.011063,0.00225,0.001312,0.000938,0.001125,0.0,0.0,0.0,0.0,0.0,0.0
384367056.0,7861,-0.002625,-0.003375,-0.005625,0.012,0.002812,0.0015,0.001125,0.0015,0.0,0.0,0.0,0.0,0.0,0.0
384415964.0,7863,-0.002625,-0.003187,-0.005625,0.011438,0.00225,0.001125,0.00075,0.001125,0.0,0.0,0.0,0.0,0.0,0.0
384513768.0,7864,-0.002813,-0.003375,-0.005813,0.012375,0.003,0.0015,0.000938,0.001312,0.0,0.0,0.0,0.0,0.0,0.0
384513768.0,7865,-0.002813,-0.003375,-0.005813,0.012375,0.003,0.0015,0.000938,0.001312,0.0,0.0,0.0,0.0,0.0,0.0
384611554.0,7866,-0.003187,-0.002813,-0.006375,0.012375,0.002812,0.001687,0.001125,0.001312,0.0,0.0,0.0,0.0,0.0,0.0
384660450.0,7868,-0.00375,-0.001875,-0.006375,0.012375,0.002437,0.001312,0.000563,0.0015,0.0,0.0,0.0,0.0,0.0,0.0
384758208.0,7869,-0.0045,-0.001125,-0.005813,0.01125,0.001875,0.001125,0.000375,0.000937,0.0,0.0,0.0,0.0,0.0,0.0
384758208.0,7870,-0.0045,-0.001125,-0.005813,0.01125,0.001875,0.001125,0.000375,0.000937,0.0,0.0,0.0,0.0,0.0,0.0
384855969.0,7871,-0.003562,-0.002062,-0.006563,0.012188,0.00225,0.001312,0.000563,0.001312,0.0,0.0,0.0,0.0,0.0,0.0
384904861.0,7873,-0.003562,-0.002062,-0.006563,0.012188,0.002062,0.001125,0.000187,0.00075,0.0,0.0,0.0,0.0,0.0,0.0
385002647.0,7874,-0.003375,-0.002813,-0.00675,0.012563,0.002062,0.001125,0.000375,0.000937,0.0,0.0,0.0,0.0,0.0,0.0
385051527.0,7875,-0.003375,-0.002813,-0.00675,0.012563,0.002062,0.001125,0.000375,0.000937,0.0,0.0,0.0,0.0,0.0,0.0
385100451.0,7876,-0.003562,-0.002438,-0.00675,0.012375,0.00225,0.001312,0.000187,0.001125,0.0,0.0,0.0,0.0,0.0,0.0
385149321.0,7878,-0.003937,-0.0015,-0.006188,0.011438,0.001688,0.000938,0.000187,0.000562,0.0,0.0,0.0,0.0,0.0,0.0
385247077.0,7879,-0.00375,-0.001875,-0.006188,0.012,0.00225,0.001312,0.00075,0.001125,0.0,0.0,0.0,0.0,0.0,0.0
385295974.0,7880,-0.004125,-0.001125,-0.005813,0.01125,0.00225,0.0015,0.00075,0.000937,0.0,0.0,0.0,0.0,0.0,0.0
385344868.0,7881,-0.003375,-0.00225,-0.006188,0.011438,0.001875,0.001125,0.000375,0.000937,0.0,0.0,0.0,0.0,0.0,0.0
385393778.0,7882,-0.003375,-0.00225,-0.005625,0.01125,0.002062,0.001125,0.000563,0.001125,0.0,0.0,0.0,0.0,0.0,0.0
385393778.0,7883,-0.003375,-0.00225,-0.005625,0.01125,0.002062,0.001125,0.000563,0.001125,0.0,0.0,0.0,0.0,0.0,0.0
385491586.0,7884,-0.002625,-0.002062,-0.004313,0.009187,0.0015,0.001125,0.000563,0.000937,0.0,0.0,0.0,0.0,0.0,0.0
385540470.0,7886,-0.001688,0.000375,-0.000938,0.0015,0.0,-0.000188,-0.000187,-0.000188,0.0,0.0,0.0,0.0,0.0,0.0
385638244.0,7887,-0.001688,0.001688,0.000187,-0.00075,-0.000187,-0.000188,-0.000375,-0.000188,0.0,0.0,0.0,0.0,0.0,0.0
385638244.0,7888,-0.001688,0.001688,0.000187,-0.00075,-0.000187,-0.000188,-0.000375,-0.000188,0.0,0.0,0.0,0.0,0.0,0.0
385735957.0,7889,-0.000188,-0.000187,0.000563,-0.000187,0.0,0.000188,0.000187,0.0,0.0,0.0,0.0,0.0,0.0,0.0
385784786.0,7891,-0.000188,-0.000187,0.000563,-0.000375,0.0,0.000188,0.000375,0.000188,0.0,0.0,0.0,0.0,0.0,0.0
385882486.0,7892,-0.000188,-0.000187,0.000375,-0.000563,0.000187,0.000188,0.000375,0.000188,0.0,0.0,0.0,0.0,0.0,0.0
385882486.0,7894,-0.000188,-0.000563,0.000563,0.0,0.000187,0.000375,0.000375,0.0,0.0,0.0,0.0,0.0,0.0,0.0
386029073.0,7895,-0.000188,-0.000375,0.000563,-0.000187,0.000375,0.000375,0.000187,0.000188,0.0,0.0,0.0,0.0,0.0,0.0
386077949.0,7896,-0.000188,-0.000375,0.000563,-0.000187,0.000375,0.000375,0.000187,0.000188,0.0,0.0,0.0,0.0,0.0,0.0
386126740.0,7897,0.0,-0.000375,0.001125,-0.000938,0.0,0.000188,0.000563,0.000188,0.0,0.0,0.0,0.0,0.0,0.0
386175575.0,7899,0.001688,0.000187,0.000375,-0.003375,-0.000187,0.000375,0.000375,0.0,0.0,0.0,0.0,0.0,0.0,0.0
386273298.0,7900,0.003,0.000375,0.000937,-0.005625,-0.000563,0.000375,0.000375,0.0,0.0,0.0,0.0,0.0,0.0,0.0
386273298.0,7901,0.003,0.000375,0.000937,-0.005625,-0.000563,0.000375,0.000375,0.0,0.0,0.0,0.0,0.0,0.0,0.0
386371025.0,7902,0.00525,-0.0,0.001875,-0.008437,-0.000563,0.000188,0.000375,0.0,0.0,0.0,0.0,0.0,0.0,0.0
386419902.0,7903,0.006188,0.000187,0.001688,-0.009,-0.00075,0.0,0.000187,0.0,0.0,0.0,0.0,0.0,0.0,0.0
386468742.0,7904,0.006188,0.00075,0.0015,-0.009375,-0.00075,0.0,0.000375,-0.000188,0.0,0.0,0.0,0.0,0.0,0.0
386517565.0,7905,0.006188,0.001312,0.0015,-0.0105,-0.000938,0.000188,0.000187,-0.000188,0.0,0.0,0.0,0.0,0.0,0.0
386517565.0,7906,0.006188,0.001312,0.0015,-0.0105,-0.000938,0.000188,0.000187,-0.000188,0.0,0.0,0.0,0.0,0.0,0.0
386615294.0,7907,0.008063,0.001688,0.001312,-0.012563,-0.001125,0.0,0.000375,-0.000188,0.0,0.0,0.0,0.0,0.0,0.0
386664190.0,7908,0.009188,0.00075,0.001125,-0.012937,-0.000938,0.0,0.000187,-0.000188,0.0,0.0,0.0,0.0,0.0,0.0
386713078.0,7909,0.00975,0.001125,0.001125,-0.014062,-0.001125,-0.000188,0.000187,-0.000375,0.0,0.0,0.0,0.0,0.0,0.0
386761960.0,7911,0.010313,0.0015,0.001688,-0.015188,-0.001312,0.0,0.000187,-0.000188,0.0,0.0,0.0,0.0,0.0,0.0
386859734.0,7912,0.011063,0.001312,0.001312,-0.015188,-0.001312,-0.000375,0.0,-0.000375,0.0,0.0,0.0,0.0,0.0,0.0
386908621.0,7913,0.011063,0.001312,0.001312,-0.015188,-0.001312,-0.000375,0.0,-0.000375,0.0,0.0,0.0,0.0,0.0,0.0
386957465.0,7914,0.010313,0.001688,0.001688,-0.015563,-0.001312,0.0,0.0,-0.000188,0.0,0.0,0.0,0.0,0.0,0.0
387006343.0,7916,0.0105,0.001875,0.001688,-0.015563,-0.001125,-0.000188,0.000187,-0.000375,0.0,0.0,0.0,0.0,0.0,0.0
387104113.0,7917,0.010688,0.002625,0.0015,-0.016313,-0.0015,0.0,0.000187,-0.000188,0.0,0.0,0.0,0.0,0.0,0.0
387153016.0,7919,0.010875,0.002438,0.001312,-0.016125,-0.001125,-0.000188,0.000187,-0.000188,0.0,0.0,0.0,0.0,0.0,0.0
387250831.0,7920,0.010875,0.002625,0.001875,-0.017063,-0.001312,0.0,0.000187,-0.000375,0.0,0.0,0.0,0.0,0.0,0.0
387299720.0,7921,0.010875,0.002625,0.001875,-0.017063,-0.001312,0.0,0.000187,-0.000375,0.0,0.0,0.0,0.0,0.0,0.0
387348595.0,7922,0.010688,0.002438,0.001688,-0.016313,-0.001312,-0.000188,0.000187,-0.000188,0.0,0.0,0.0,0.0,0.0,0.0
387397489.0,7924,0.010688,0.00225,0.001688,-0.016125,-0.0015,-0.000188,0.000187,-0.000188,0.0,0.0,0.0,0.0,0.0,0.0
387495274.0,7925,0.009562,0.001688,0.001688,-0.01425,-0.000938,-0.000188,0.000187,0.0,0.0,0.0,0.0,0.0,0.0,0.0
387544189.0,7926,0.008813,0.001875,0.001688,-0.0135,-0.001125,0.000188,0.000187,-0.000188,0.0,0.0,0.0,0.0,0.0,0.0
387593065.0,7927,0.007875,0.001688,0.000937,-0.011437,-0.000938,0.000188,0.000187,-0.000188,0.0,0.0,0.0,0.0,0.0,0.0
387642173.0,7928,0.00525,0.001125,0.0,-0.006562,-0.000375,0.000375,0.000375,0.0,0.0,0.0,0.0,0.0,0.0,0.0
387691077.0,7929,0.002438,-0.000563,0.0,-0.001875,0.0,0.000375,0.000187,0.0,0.0,0.0,0.0,0.0,0.0,0.0
387739903.0,7931,0.0,-0.00075,0.000563,-0.000187,0.000187,0.000375,0.000187,0.000188,0.0,0.0,0.0,0.0,0.0,0.0
387837624.0,7932,-0.000375,-0.000187,0.000563,-0.000375,0.000187,0.000188,0.000375,0.000188,0.0,0.0,0.0,0.0,0.0,0.0
387886491.0,7934,-0.000188,-0.000187,0.000375,-0.000187,0.000187,0.000375,0.000375,0.000188,0.0,0.0,0.0,0.0,0.0,0.0
387984221.0,7935,0.001688,-0.004313,-0.00075,0.003562,0.000563,0.0,0.0,0.0,0.0,0.0,0.0,0.0,0.0,0.0
388033080.0,7937,0.001125,-0.003375,-0.000187,0.002438,0.0,0.0,0.0,0.0,0.0,0.0,0.0,0.0,0.0,0.0
388130749.0,7938,0.002062,-0.005063,-0.000187,0.003562,0.000563,0.0,0.0,-0.000188,0.0,0.0,0.0,0.0,0.0,0.0
388179617.0,7940,0.001875,-0.005438,-0.000938,0.004688,0.000937,0.000375,0.000375,0.000562,0.0,0.0,0.0,0.0,0.0,0.0
388277381.0,7941,0.0,-0.004687,-0.002438,0.0075,0.002062,0.001312,0.000938,0.001312,0.0,0.0,0.0,0.0,0.0,0.0
388326274.0,7942,-0.001125,-0.006188,-0.003562,0.011438,0.003,0.001875,0.0015,0.001688,0.0,0.0,0.0,0.0,0.0,0.0
388375161.0,7943,-0.002062,-0.005063,-0.004688,0.012563,0.002437,0.0015,0.001125,0.001312,0.0,0.0,0.0,0.0,0.0,0.0
388424057.0,7945,-0.002625,-0.006188,-0.0045,0.01425,0.003188,0.001875,0.001688,0.002062,0.0,0.0,0.0,0.0,0.0,0.0
388521861.0,7946,-0.00225,-0.006938,-0.006,0.015938,0.003188,0.001875,0.0015,0.001875,0.0,0.0,0.0,0.0,0.0,0.0
388570764.0,7948,-0.001312,-0.009938,-0.00675,0.018938,0.00375,0.001875,0.001312,0.001688,0.0,0.0,0.0,0.0,0.0,0.0
388668544.0,7949,-0.001875,-0.009375,-0.006563,0.018375,0.003,0.0015,0.000938,0.001312,0.0,0.0,0.0,0.0,0.0,0.0
388717424.0,7951,-0.00225,-0.008625,-0.00675,0.017625,0.002812,0.001687,0.000938,0.001125,0.0,0.0,0.0,0.0,0.0,0.0
388815212.0,7952,-0.002625,-0.0075,-0.006563,0.01725,0.003,0.001687,0.001125,0.0015,0.0,0.0,0.0,0.0,0.0,0.0
388864132.0,7953,-0.002625,-0.0075,-0.006563,0.01725,0.003,0.001687,0.001125,0.0015,0.0,0.0,0.0,0.0,0.0,0.0
388913033.0,7954,-0.003375,-0.006375,-0.006563,0.0165,0.002625,0.0015,0.000938,0.001312,0.0,0.0,0.0,0.0,0.0,0.0
388961939.0,7955,-0.003,-0.008062,-0.00675,0.018375,0.003188,0.001687,0.001125,0.001125,0.0,0.0,0.0,0.0,0.0,0.0
388961939.0,7956,-0.003,-0.008062,-0.00675,0.018375,0.003188,0.001687,0.001125,0.001125,0.0,0.0,0.0,0.0,0.0,0.0
389059721.0,7957,-0.00375,-0.006375,-0.006375,0.017063,0.003,0.0015,0.001125,0.001312,0.0,0.0,0.0,0.0,0.0,0.0
389108594.0,7959,-0.00375,-0.00525,-0.00675,0.016125,0.00225,0.0015,0.000938,0.001312,0.0,0.0,0.0,0.0,0.0,0.0
389206377.0,7960,-0.003937,-0.005812,-0.006563,0.016688,0.003,0.001875,0.001312,0.0015,0.0,0.0,0.0,0.0,0.0,0.0
389255271.0,7962,-0.003562,-0.005812,-0.006375,0.016125,0.002812,0.002063,0.001312,0.0015,0.0,0.0,0.0,0.0,0.0,0.0
389353076.0,7963,-0.003375,-0.006188,-0.006375,0.015938,0.003,0.002063,0.0015,0.001688,0.0,0.0,0.0,0.0,0.0,0.0
389401974.0,7965,-0.003187,-0.006375,-0.006,0.015938,0.003,0.002063,0.0015,0.001688,0.0,0.0,0.0,0.0,0.0,0.0
389499760.0,7966,-0.003,-0.005812,-0.006188,0.014625,0.002625,0.001875,0.001125,0.001312,0.0,0.0,0.0,0.0,0.0,0.0
389548642.0,7968,-0.003,-0.005812,-0.006,0.015,0.003188,0.00225,0.001875,0.001688,0.0,0.0,0.0,0.0,0.0,0.0
389646429.0,7969,-0.003,-0.006,-0.006,0.015,0.003188,0.00225,0.001688,0.001688,0.0,0.0,0.0,0.0,0.0,0.0
389646429.0,7970,-0.003,-0.006,-0.006,0.015,0.003188,0.00225,0.001688,0.001688,0.0,0.0,0.0,0.0,0.0,0.0
389744218.0,7971,-0.003937,-0.004875,-0.006,0.014625,0.003,0.002063,0.001688,0.001688,0.0,0.0,0.0,0.0,0.0,0.0
389793105.0,7972,-0.002625,-0.006562,-0.006,0.015188,0.003375,0.00225,0.001875,0.001688,0.0,0.0,0.0,0.0,0.0,0.0
389793105.0,7973,-0.002625,-0.006562,-0.006,0.015188,0.003375,0.00225,0.001875,0.001688,0.0,0.0,0.0,0.0,0.0,0.0
389890916.0,7974,-0.002813,-0.006375,-0.006,0.015188,0.003938,0.002625,0.002062,0.001875,0.0,0.0,0.0,0.0,0.0,0.0
389939802.0,7976,-0.002062,-0.006938,-0.006188,0.014813,0.00375,0.002625,0.002062,0.002062,0.0,0.0,0.0,0.0,0.0,0.0
390037571.0,7977,-0.00375,-0.000375,-0.002813,0.006187,0.000375,0.0,-0.000375,-0.000188,0.0,0.0,0.0,0.0,0.0,0.0
390086433.0,7979,-0.001125,-0.002625,-0.001688,0.004875,0.000563,0.0,0.0,0.000188,0.0,0.0,0.0,0.0,0.0,0.0
390184147.0,7980,0.000375,-0.000938,0.0,0.000188,0.0,0.000375,0.000375,0.000188,0.0,0.0,0.0,0.0,0.0,0.0
390233001.0,7982,0.0,-0.000187,0.000375,-0.000187,0.0,0.000375,0.000375,0.000188,0.0,0.0,0.0,0.0,0.0,0.0
390330695.0,7983,-0.000375,-0.000187,0.000375,-0.000187,0.0,0.000375,0.000375,0.0,0.0,0.0,0.0,0.0,0.0,0.0
390379526.0,7985,-0.000188,-0.000187,0.000563,-0.000563,0.000187,0.000188,0.000375,0.0,0.0,0.0,0.0,0.0,0.0,0.0
390477218.0,7986,-0.000188,-0.000187,0.000563,-0.000375,-0.000187,0.000375,0.000375,0.000188,0.0,0.0,0.0,0.0,0.0,0.0
390526092.0,7988,-0.000375,-0.000187,0.000375,-0.000187,0.0,0.000188,0.000187,0.0,0.0,0.0,0.0,0.0,0.0,0.0
390623780.0,7989,-0.000188,-0.000187,0.000563,-0.000563,0.0,0.000188,0.000187,0.0,0.0,0.0,0.0,0.0,0.0,0.0
390672631.0,7991,0.000375,-0.000187,0.000375,-0.000938,0.0,0.0,0.0,0.000188,0.0,0.0,0.0,0.0,0.0,0.0
390770341.0,7992,0.000563,-0.00075,0.00075,-0.00075,0.000375,0.000188,0.000187,0.000375,0.0,0.0,0.0,0.0,0.0,0.0
390770341.0,7993,0.000563,-0.00075,0.00075,-0.00075,0.000375,0.000188,0.000187,0.000375,0.0,0.0,0.0,0.0,0.0,0.0
390868094.0,7994,0.0015,0.000375,0.002062,-0.004875,-0.000187,0.000188,0.000375,-0.000188,0.0,0.0,0.0,0.0,0.0,0.0
390916991.0,7996,0.003,0.00225,0.002625,-0.008813,-0.000938,0.000188,0.000563,-0.000188,0.0,0.0,0.0,0.0,0.0,0.0
391015001.0,7997,0.006188,0.002625,0.002812,-0.013312,-0.0015,0.000188,0.000375,-0.000188,0.0,0.0,0.0,0.0,0.0,0.0
391063905.0,7999,0.008438,0.003,0.003375,-0.016313,-0.001312,0.000188,0.000563,0.0,0.0,0.0,0.0,0.0,0.0,0.0
391161672.0,8000,0.009,0.002812,0.003937,-0.01725,-0.001125,0.000188,0.000563,0.000188,0.0,0.0,0.0,0.0,0.0,0.0
391161672.0,8002,0.009,0.002812,0.003937,-0.01725,-0.001125,0.000188,0.000563,0.000188,0.0,0.0,0.0,0.0,0.0,0.0
391308301.0,8003,0.01125,0.003563,0.003937,-0.020812,-0.0015,0.0,0.000375,-0.000188,0.0,0.0,0.0,0.0,0.0,0.0
391357195.0,8005,0.01275,0.003375,0.00375,-0.02175,-0.0015,-0.000188,0.000375,-0.000188,0.0,0.0,0.0,0.0,0.0,0.0
391454948.0,8006,0.013125,0.004687,0.00375,-0.024,-0.002062,-0.000188,0.0,-0.000188,0.0,0.0,0.0,0.0,0.0,0.0
391503811.0,8008,0.013312,0.004875,0.004125,-0.02475,-0.001875,0.0,0.000563,-0.000188,0.0,0.0,0.0,0.0,0.0,0.0
391601794.0,8009,0.013688,0.0045,0.004313,-0.024562,-0.001875,0.0,0.000375,0.0,0.0,0.0,0.0,0.0,0.0,0.0
391601794.0,8010,0.013688,0.0045,0.004313,-0.024562,-0.001875,0.0,0.000375,0.0,0.0,0.0,0.0,0.0,0.0,0.0
391699575.0,8011,0.01425,0.005063,0.004313,-0.0255,-0.001875,0.0,0.000563,-0.000375,0.0,0.0,0.0,0.0,0.0,0.0
391748451.0,8012,0.014438,0.004313,0.003937,-0.024562,-0.001688,0.000188,0.000375,0.0,0.0,0.0,0.0,0.0,0.0,0.0
391748451.0,8013,0.014438,0.004313,0.003937,-0.024562,-0.001688,0.000188,0.000375,0.0,0.0,0.0,0.0,0.0,0.0,0.0
391846177.0,8014,0.013688,0.0045,0.004125,-0.024562,-0.001688,0.0,0.000563,-0.000188,0.0,0.0,0.0,0.0,0.0,0.0
391895017.0,8016,0.0135,0.004687,0.004313,-0.024562,-0.0015,0.000375,0.00075,0.0,0.0,0.0,0.0,0.0,0.0,0.0
391992795.0,8017,0.013312,0.0045,0.003937,-0.023625,-0.001875,0.0,0.000375,-0.000188,0.0,0.0,0.0,0.0,0.0,0.0
392041713.0,8018,0.012938,0.004687,0.00375,-0.023437,-0.001875,0.0,0.000375,-0.000375,0.0,0.0,0.0,0.0,0.0,0.0
392090591.0,8019,0.012938,0.004313,0.003563,-0.022875,-0.001875,-0.000188,0.000375,-0.000375,0.0,0.0,0.0,0.0,0.0,0.0
392139485.0,8020,0.01275,0.004125,0.003563,-0.022688,-0.001688,0.0,0.000375,-0.000375,0.0,0.0,0.0,0.0,0.0,0.0
392139485.0,8021,0.01275,0.004125,0.003563,-0.022688,-0.001688,0.0,0.000375,-0.000375,0.0,0.0,0.0,0.0,0.0,0.0
392237251.0,8022,0.013312,0.004125,0.00375,-0.022875,-0.001688,-0.000188,0.000375,-0.000188,0.0,0.0,0.0,0.0,0.0,0.0
392286158.0,8024,0.012938,0.004125,0.003563,-0.0225,-0.001875,0.0,0.000375,-0.000188,0.0,0.0,0.0,0.0,0.0,0.0
392383903.0,8025,0.010875,0.003937,0.003,-0.019688,-0.001875,-0.000188,0.000187,-0.000375,0.0,0.0,0.0,0.0,0.0,0.0
392432811.0,8027,0.008625,0.003187,0.00225,-0.01425,-0.001125,0.0,0.000187,-0.000188,0.0,0.0,0.0,0.0,0.0,0.0
392530565.0,8028,0.0015,-0.000187,0.000375,-0.001312,0.0,0.000188,0.000187,0.0,0.0,0.0,0.0,0.0,0.0,0.0
392579393.0,8030,0.000375,-0.000563,0.000187,-0.000375,0.0,0.000375,0.000375,0.0,0.0,0.0,0.0,0.0,0.0,0.0
392677092.0,8031,-0.000375,0.000187,0.00075,-0.00075,0.000187,0.000188,0.000375,0.0,0.0,0.0,0.0,0.0,0.0,0.0
392725955.0,8033,-0.000375,-0.000187,0.000187,-0.000187,0.000187,0.000188,0.0,0.0,0.0,0.0,0.0,0.0,0.0,0.0
392823615.0,8034,0.000937,-0.001312,0.000187,0.0,-0.000187,-0.000375,-0.000187,-0.000375,0.0,0.0,0.0,0.0,0.0,0.0
392872482.0,8036,0.0,-0.000375,0.000563,-0.000375,-0.000187,0.000188,0.000187,0.000188,0.0,0.0,0.0,0.0,0.0,0.0
392970198.0,8037,-0.000375,-0.000375,0.000563,-0.000187,0.000563,0.00075,0.00075,0.000375,0.0,0.0,0.0,0.0,0.0,0.0
393019091.0,8039,0.0,-0.000563,0.001312,-0.000563,0.000375,0.000375,0.000187,0.000375,0.0,0.0,0.0,0.0,0.0,0.0
393116837.0,8040,0.000563,-0.001688,0.00075,0.00075,0.000563,0.000563,0.000563,0.000562,0.0,0.0,0.0,0.0,0.0,0.0
393116837.0,8041,0.000563,-0.001688,0.00075,0.00075,0.000563,0.000563,0.000563,0.000562,0.0,0.0,0.0,0.0,0.0,0.0
393214617.0,8042,-0.00075,-0.002438,-0.000938,0.004312,0.001875,0.0015,0.001312,0.0015,0.0,0.0,0.0,0.0,0.0,0.0
393263528.0,8043,-0.001875,-0.001875,-0.001312,0.005438,0.00225,0.001687,0.0015,0.001312,0.0,0.0,0.0,0.0,0.0,0.0
393312449.0,8044,-0.003,-0.000187,-0.002625,0.005625,0.001313,0.001312,0.000938,0.000937,0.0,0.0,0.0,0.0,0.0,0.0
393361370.0,8045,-0.003187,-0.000938,-0.003187,0.007312,0.002062,0.0015,0.001312,0.001125,0.0,0.0,0.0,0.0,0.0,0.0
393361370.0,8046,-0.003187,-0.000938,-0.003187,0.007312,0.002062,0.0015,0.001312,0.001125,0.0,0.0,0.0,0.0,0.0,0.0
393459143.0,8047,-0.00225,-0.003563,-0.004125,0.010125,0.001313,0.00075,0.000375,0.000562,0.0,0.0,0.0,0.0,0.0,0.0
393508044.0,8049,-0.001875,-0.00525,-0.0045,0.011625,0.002062,0.001125,0.000938,0.000937,0.0,0.0,0.0,0.0,0.0,0.0
393605839.0,8050,-0.002062,-0.0045,-0.003938,0.010688,0.002437,0.001687,0.001312,0.001312,0.0,0.0,0.0,0.0,0.0,0.0
393654746.0,8052,-0.003937,-0.001875,-0.00375,0.009563,0.00225,0.001875,0.001312,0.001312,0.0,0.0,0.0,0.0,0.0,0.0
393752574.0,8053,-0.00375,-0.003,-0.004313,0.010688,0.00225,0.002063,0.001312,0.001312,0.0,0.0,0.0,0.0,0.0,0.0
393801494.0,8055,-0.004125,-0.001875,-0.005063,0.011063,0.002062,0.001312,0.00075,0.001125,0.0,0.0,0.0,0.0,0.0,0.0
393899287.0,8056,-0.003375,-0.00375,-0.00525,0.012188,0.00225,0.001312,0.000938,0.00075,0.0,0.0,0.0,0.0,0.0,0.0
393899287.0,8057,-0.003375,-0.00375,-0.00525,0.012188,0.00225,0.001312,0.000938,0.00075,0.0,0.0,0.0,0.0,0.0,0.0
393997047.0,8058,-0.003375,-0.00375,-0.00525,0.012563,0.002437,0.001687,0.001125,0.000937,0.0,0.0,0.0,0.0,0.0,0.0
394045905.0,8060,-0.003375,-0.004125,-0.005625,0.0135,0.002437,0.001687,0.001125,0.000937,0.0,0.0,0.0,0.0,0.0,0.0
394143724.0,8061,-0.003375,-0.00375,-0.006375,0.0135,0.002062,0.0015,0.001125,0.001125,0.0,0.0,0.0,0.0,0.0,0.0
394143724.0,8063,-0.003375,-0.00375,-0.006375,0.0135,0.002062,0.0015,0.001125,0.001125,0.0,0.0,0.0,0.0,0.0,0.0
394290453.0,8064,-0.003375,-0.004875,-0.006,0.014438,0.002812,0.001875,0.0015,0.001688,0.0,0.0,0.0,0.0,0.0,0.0
394339316.0,8065,-0.003375,-0.004875,-0.006,0.014438,0.002812,0.001875,0.0015,0.001688,0.0,0.0,0.0,0.0,0.0,0.0
394388218.0,8066,-0.003375,-0.004313,-0.006563,0.014063,0.00225,0.001687,0.001125,0.0015,0.0,0.0,0.0,0.0,0.0,0.0
394437097.0,8068,-0.0045,-0.004313,-0.005625,0.014625,0.002812,0.001875,0.0015,0.001312,0.0,0.0,0.0,0.0,0.0,0.0
394534876.0,8069,-0.003562,-0.005063,-0.006188,0.014625,0.002812,0.002063,0.0015,0.0015,0.0,0.0,0.0,0.0,0.0,0.0
394583785.0,8070,-0.003375,-0.005438,-0.006,0.015,0.003375,0.00225,0.001875,0.001875,0.0,0.0,0.0,0.0,0.0,0.0
394632692.0,8071,-0.003187,-0.005438,-0.006,0.014625,0.003,0.002438,0.002062,0.001688,0.0,0.0,0.0,0.0,0.0,0.0
394681597.0,8072,-0.003375,-0.0045,-0.005437,0.012938,0.002625,0.002063,0.001688,0.0015,0.0,0.0,0.0,0.0,0.0,0.0
394681597.0,8073,-0.003375,-0.0045,-0.005437,0.012938,0.002625,0.002063,0.001688,0.0015,0.0,0.0,0.0,0.0,0.0,0.0
394779377.0,8074,-0.002625,-0.005438,-0.004875,0.012938,0.003,0.00225,0.001875,0.001688,0.0,0.0,0.0,0.0,0.0,0.0
394828267.0,8076,-0.001875,-0.004875,-0.0045,0.0105,0.002062,0.001687,0.001312,0.00075,0.0,0.0,0.0,0.0,0.0,0.0
394926052.0,8077,0.000937,-0.005812,-0.001688,0.006187,0.001688,0.001125,0.00075,0.00075,0.0,0.0,0.0,0.0,0.0,0.0
394974934.0,8079,0.00075,-0.003187,-0.000375,0.00225,0.000375,0.0,0.0,0.000188,0.0,0.0,0.0,0.0,0.0,0.0
395072632.0,8080,0.000375,-0.0015,0.000187,0.000938,0.00075,0.000563,0.000563,0.000562,0.0,0.0,0.0,0.0,0.0,0.0
395121542.0,8081,0.000375,-0.0015,0.000187,0.000938,0.00075,0.000563,0.000563,0.000562,0.0,0.0,0.0,0.0,0.0,0.0
395170441.0,8082,-0.000188,-0.000938,0.000563,0.000375,0.000375,0.000375,0.000187,0.000188,0.0,0.0,0.0,0.0,0.0,0.0
395219309.0,8084,0.000188,-0.000375,0.000375,0.0,0.000187,0.000375,0.000187,0.000188,0.0,0.0,0.0,0.0,0.0,0.0
395317031.0,8085,-0.000375,-0.000375,0.000375,-0.000187,0.000187,0.000188,0.000187,0.000188,0.0,0.0,0.0,0.0,0.0,0.0
395365909.0,8087,-0.000188,-0.000375,0.000563,-0.000187,0.000187,0.000188,0.000187,0.0,0.0,0.0,0.0,0.0,0.0,0.0
395463607.0,8088,-0.000188,-0.000187,0.000375,-0.000375,0.000187,0.000375,0.000187,0.0,0.0,0.0,0.0,0.0,0.0,0.0
395512459.0,8090,0.0,-0.000187,0.000375,-0.000187,0.0,0.000188,0.000375,0.0,0.0,0.0,0.0,0.0,0.0,0.0
395610152.0,8091,-0.000188,-0.000187,0.000375,-0.000375,0.0,0.000375,0.000375,0.0,0.0,0.0,0.0,0.0,0.0,0.0
395659019.0,8092,-0.000375,-0.000187,0.000375,-0.000375,0.000187,0.000375,0.000187,-0.000188,0.0,0.0,0.0,0.0,0.0,0.0
395659019.0,8093,-0.000188,-0.000187,0.000563,-0.000375,0.0,0.000188,0.000375,0.0,0.0,0.0,0.0,0.0,0.0,0.0
395756706.0,8094,-0.000188,-0.000187,0.000375,-0.000187,0.0,0.000188,0.0,0.000188,0.0,0.0,0.0,0.0,0.0,0.0
395756706.0,8095,-0.000188,-0.000187,0.000375,-0.000187,0.0,0.000188,0.0,0.000188,0.0,0.0,0.0,0.0,0.0,0.0
395854440.0,8096,-0.000375,-0.000187,0.000375,-0.000375,0.0,0.000375,0.000187,0.000188,0.0,0.0,0.0,0.0,0.0,0.0
395903266.0,8098,-0.000188,-0.0,0.000375,-0.000375,0.0,0.000188,0.000187,0.0,0.0,0.0,0.0,0.0,0.0,0.0
396000968.0,8099,-0.000188,-0.0,0.000375,-0.000375,0.000187,0.000188,0.000375,0.000188,0.0,0.0,0.0,0.0,0.0,0.0
396000968.0,8100,-0.000188,-0.0,0.000375,-0.000375,0.000187,0.000188,0.000375,0.000188,0.0,0.0,0.0,0.0,0.0,0.0
396098699.0,8101,0.0,-0.000187,0.000375,-0.000375,0.000187,0.000188,0.000375,0.0,0.0,0.0,0.0,0.0,0.0,0.0
396147548.0,8103,-0.000188,-0.0,0.000563,-0.000563,0.000187,0.0,0.000187,0.0,0.0,0.0,0.0,0.0,0.0,0.0
396245224.0,8104,-0.000375,-0.000187,0.000375,-0.000375,0.0,0.000375,0.000187,0.0,0.0,0.0,0.0,0.0,0.0,0.0
396245224.0,8105,-0.000375,-0.000187,0.000375,-0.000375,0.0,0.000375,0.000187,0.0,0.0,0.0,0.0,0.0,0.0,0.0
396342943.0,8106,-0.000375,-0.000187,0.000375,-0.000375,0.0,0.000188,0.000187,0.000188,0.0,0.0,0.0,0.0,0.0,0.0
396391782.0,8108,-0.000188,-0.0,0.000375,-0.000187,-0.000187,0.0,0.000375,0.000188,0.0,0.0,0.0,0.0,0.0,0.0
396489510.0,8109,-0.000188,-0.000187,0.000187,-0.000375,0.000187,0.000188,0.0,0.000188,0.0,0.0,0.0,0.0,0.0,0.0
396538328.0,8110,-0.000188,-0.000187,0.000187,-0.000375,0.000187,0.000188,0.0,0.000188,0.0,0.0,0.0,0.0,0.0,0.0
396587185.0,8111,-0.000188,-0.0,0.000375,-0.000375,0.0,0.000188,0.000375,0.0,0.0,0.0,0.0,0.0,0.0,0.0
396636010.0,8113,-0.000375,-0.000187,0.000375,-0.000375,0.0,0.000375,0.000187,0.0,0.0,0.0,0.0,0.0,0.0,0.0
396733713.0,8114,-0.000188,-0.000187,0.000563,-0.000375,0.0,0.000375,0.000187,0.0,0.0,0.0,0.0,0.0,0.0,0.0
396782590.0,8115,-0.000188,-0.000187,0.000375,-0.000375,0.000187,0.000375,0.000187,0.000188,0.0,0.0,0.0,0.0,0.0,0.0
396831466.0,8116,-0.000375,-0.000187,0.000375,-0.000375,0.000187,0.000375,0.000375,0.000188,0.0,0.0,0.0,0.0,0.0,0.0
396880338.0,8117,0.0,-0.000187,0.000375,-0.000187,0.0,0.000375,0.000187,0.0,0.0,0.0,0.0,0.0,0.0,0.0
396880338.0,8118,0.0,-0.000187,0.000375,-0.000187,0.0,0.000375,0.000187,0.0,0.0,0.0,0.0,0.0,0.0,0.0
396978082.0,8119,-0.000188,-0.000187,0.000187,-0.000375,0.000187,0.000188,0.000187,0.0,0.0,0.0,0.0,0.0,0.0,0.0
397026947.0,8121,-0.000375,-0.000187,0.000563,-0.000375,0.0,0.000375,0.0,0.0,0.0,0.0,0.0,0.0,0.0,0.0
397124613.0,8122,-0.000188,-0.000187,0.000375,-0.000375,0.0,0.000375,0.000187,0.0,0.0,0.0,0.0,0.0,0.0,0.0
397173481.0,8124,-0.000375,-0.000187,0.000375,-0.000187,0.000187,0.0,0.000375,0.0,0.0,0.0,0.0,0.0,0.0,0.0
397271203.0,8125,0.0,-0.000375,0.000563,-0.000375,0.0,0.000188,0.000375,-0.000188,0.0,0.0,0.0,0.0,0.0,0.0
397320030.0,8126,0.0,-0.000375,0.000563,-0.000375,0.0,0.000188,0.000375,-0.000188,0.0,0.0,0.0,0.0,0.0,0.0
397368904.0,8127,-0.000188,-0.000375,0.000187,-0.000187,0.000187,0.000188,0.000375,0.0,0.0,0.0,0.0,0.0,0.0,0.0
397417761.0,8129,-0.000375,-0.000187,0.000563,-0.000375,0.000187,0.000375,0.000187,-0.000188,0.0,0.0,0.0,0.0,0.0,0.0
397515457.0,8130,-0.000375,-0.0,0.000375,-0.000375,0.0,0.000188,0.000187,0.000188,0.0,0.0,0.0,0.0,0.0,0.0
397564334.0,8131,-0.000375,-0.0,0.000375,-0.000375,0.0,0.000188,0.000187,0.000188,0.0,0.0,0.0,0.0,0.0,0.0
397613176.0,8132,-0.000188,-0.0,0.000563,-0.000187,0.0,0.000188,0.000187,0.000188,0.0,0.0,0.0,0.0,0.0,0.0
397662028.0,8134,-0.000375,-0.000187,0.000375,-0.000187,-0.000187,0.000188,0.000187,0.0,0.0,0.0,0.0,0.0,0.0,0.0
397759727.0,8135,0.0,-0.000187,0.000375,-0.000375,0.0,0.000375,0.000187,0.0,0.0,0.0,0.0,0.0,0.0,0.0
397808554.0,8137,-0.000188,-0.000187,0.000563,-0.000187,0.000187,0.000188,0.000187,0.0,0.0,0.0,0.0,0.0,0.0,0.0
397906294.0,8138,-0.000188,-0.000187,0.000375,-0.000375,0.0,0.000188,0.000187,0.000188,0.0,0.0,0.0,0.0,0.0,0.0
397906294.0,8139,-0.000188,-0.000187,0.000375,-0.000375,0.0,0.000188,0.000187,0.000188,0.0,0.0,0.0,0.0,0.0,0.0
398004001.0,8140,-0.000188,-0.0,0.000375,-0.000375,0.000187,0.000188,0.0,0.0,0.0,0.0,0.0,0.0,0.0,0.0
398052794.0,8142,0.0,-0.000187,0.000375,-0.000187,0.0,0.000188,0.000375,0.0,0.0,0.0,0.0,0.0,0.0,0.0
398150468.0,8143,-0.000188,-0.000187,0.000375,-0.000375,0.000187,0.000188,0.000375,0.000188,0.0,0.0,0.0,0.0,0.0,0.0
398199350.0,8144,-0.000188,-0.000187,0.000375,-0.000375,0.000187,0.000188,0.000375,0.000188,0.0,0.0,0.0,0.0,0.0,0.0
398248164.0,8145,-0.000188,-0.000187,0.00075,-0.000187,0.0,0.000188,0.000375,0.0,0.0,0.0,0.0,0.0,0.0,0.0
398297023.0,8147,-0.000188,-0.000187,0.000563,-0.000375,0.0,0.000188,0.000375,0.000188,0.0,0.0,0.0,0.0,0.0,0.0
398394675.0,8148,0.0,-0.000187,0.000375,-0.000187,0.0,0.000188,0.000375,0.0,0.0,0.0,0.0,0.0,0.0,0.0
398443507.0,8149,0.0,-0.000187,0.000375,-0.000187,0.0,0.000188,0.000375,0.0,0.0,0.0,0.0,0.0,0.0,0.0
398492392.0,8150,-0.000188,-0.000187,0.000563,-0.000375,0.000187,0.000188,0.000187,0.0,0.0,0.0,0.0,0.0,0.0,0.0
398541258.0,8152,-0.000188,-0.000187,0.000375,-0.000375,0.000187,0.000188,0.000187,0.000188,0.0,0.0,0.0,0.0,0.0,0.0
398639004.0,8153,-0.000188,-0.000187,0.000375,-0.000375,0.0,0.000188,0.000375,0.000188,0.0,0.0,0.0,0.0,0.0,0.0
398687838.0,8154,0.0,-0.000187,0.000375,-0.000187,0.000187,0.000188,0.000375,0.0,0.0,0.0,0.0,0.0,0.0,0.0
398736679.0,8155,-0.000375,-0.000187,0.000563,-0.000375,0.0,0.0,0.000187,0.000188,0.0,0.0,0.0,0.0,0.0,0.0
398785494.0,8157,-0.000188,-0.000187,0.000375,-0.000187,0.000187,0.000188,0.000187,0.000188,0.0,0.0,0.0,0.0,0.0,0.0
398883230.0,8158,-0.000375,-0.000375,0.000375,-0.000187,0.000187,0.000188,0.000187,0.000188,0.0,0.0,0.0,0.0,0.0,0.0
398932111.0,8160,-0.000188,-0.000187,0.000375,-0.000375,0.000187,0.000188,0.000375,0.0,0.0,0.0,0.0,0.0,0.0,0.0
399029808.0,8161,-0.000375,-0.000187,0.000187,-0.000187,0.000187,0.000188,0.000375,0.0,0.0,0.0,0.0,0.0,0.0,0.0
399029808.0,8162,-0.000375,-0.000187,0.000187,-0.000187,0.000187,0.000188,0.000375,0.0,0.0,0.0,0.0,0.0,0.0,0.0
399127552.0,8163,-0.000188,-0.0,0.000375,-0.000187,0.0,0.000188,0.000375,0.0,0.0,0.0,0.0,0.0,0.0,0.0
399176379.0,8165,0.0,-0.0,0.000375,-0.000187,0.0,0.000188,0.000187,0.0,0.0,0.0,0.0,0.0,0.0,0.0
399274055.0,8166,-0.000188,-0.000375,0.000375,-0.000375,0.0,0.000188,0.000187,0.0,0.0,0.0,0.0,0.0,0.0,0.0
399322924.0,8167,-0.000188,-0.000375,0.000375,-0.000375,0.0,0.000188,0.000187,0.0,0.0,0.0,0.0,0.0,0.0,0.0
399371762.0,8168,-0.000375,-0.000187,0.000375,-0.000375,0.0,0.000188,0.000187,0.000188,0.0,0.0,0.0,0.0,0.0,0.0
399420615.0,8170,-0.000375,-0.000187,0.000375,-0.000563,0.000187,0.000188,0.000187,0.0,0.0,0.0,0.0,0.0,0.0,0.0
399518360.0,8171,-0.000188,-0.000187,0.000375,-0.000375,0.0,0.000188,0.000375,0.000188,0.0,0.0,0.0,0.0,0.0,0.0
